catID,area_km2
C1,233.7445976
C2,101.4147652
C3,249.2491901
C4,229.4675005
C5,120.1462601
